"time","Pop.Bighorn.BCS","Pop.Bighorn.Ejido","Demand.Permit.Ejido","Price.Permit.Ejido","Rainfall.Change","Income.From.Permits","No.Permits.Ejido","Price.Permit.Relative","No.Permits.BCS","Price.Permit.Ejido.1","Sighting.Bighorn.Ejido","RunID","FutureID","Climate.Scenario","Resilience"
0,586,126,10,70,1.06704629450105,227.08672,3.244096,1.28571428571429,15.507904,70,7.90000067282297,"1","1","CEH_1.1","NO"
0.5,587.557353335057,126.328286813228,10.3750521245499,69.9061908920093,1.13347217560485,227.385091036424,3.25271750806288,1.28743962232231,15.5491177986589,69.9061908920093,7.92058373667522,"1","1","CEH_1.1","NO"
1,588.588721028244,126.545712704083,10.7503947280317,69.9226831969973,0.998812476004836,227.837970002067,3.25842715961236,1.28713596053569,15.5764119132915,69.9226831969973,7.93421599607233,"1","1","CEH_1.1","NO"
1.5,588.956032343279,126.623173117554,11.1255039833247,70.0855615766639,1.04762021154204,228.511211802831,3.2604605950524,1.28414466511126,15.5861324399325,70.0855615766639,7.93907264145761,"1","1","CEH_1.1","NO"
2,587.647879140097,126.344390064606,11.5001508099963,70.6613874469365,0.879590608463554,229.876944107519,3.25321865891957,1.27368005712577,15.5515134735635,70.6613874469365,7.92159338506186,"1","1","CEH_1.1","NO"
2.5,582.646138969276,125.278213705294,11.8725631170638,72.1931490887363,0.830199372483838,232.861097815978,3.22552902533391,1.24665568874654,15.4191474216829,72.1931490887363,7.85474581398317,"1","1","CEH_1.1","NO"
3,578.39623571481,124.372430779264,12.2418883353733,73.5698930965171,0.917396206860174,235.570912531558,3.20200156091719,1.22332650234965,15.3066779819567,73.5698930965171,7.79795465743505,"1","1","CEH_1.1","NO"
3.5,573.882432819311,123.410187515646,12.6088210103925,75.0667521013484,0.815117349620488,238.488058410224,3.17701314808771,1.19893291611298,15.1872247021303,75.0667521013484,7.73762352703822,"1","1","CEH_1.1","NO"
4,568.819552516139,122.330612904953,12.9725632874798,76.7625988670844,0.885977409255299,241.724275673481,3.14898504272934,1.17244597405875,15.0532406377871,76.7625988670844,7.66993590679346,"1","1","CEH_1.1","NO"
4.5,560.292082424275,120.509148976323,13.3329963059522,79.5655928080879,0.66211884496048,246.794723241326,3.10177696830078,1.13114220385538,14.827569669276,79.5655928080879,7.55573299995453,"1","1","CEH_1.1","NO"
5,550.078621404211,118.326391583583,13.6875409547244,82.9951632768917,0.805734123169068,252.739796632084,3.04523524809371,1.08440054150792,14.557280636841,82.9951632768917,7.41887756446838,"1","1","CEH_1.1","NO"
5.5,538.335996374615,115.815025642877,14.0371731914333,87.0884079909152,0.604643510660433,259.543318582561,2.98022807592987,1.03343260114927,14.2465238080578,87.0884079909152,7.26141889287094,"1","1","CEH_1.1","NO"
6,520.542217054188,112.003790024566,14.379124097547,93.4757459289658,0.603659623791243,269.371086739578,2.88172171361198,0.96281660130739,13.775629232122,93.4757459289658,7.02246044883169,"1","1","CEH_1.1","NO"
6.5,502.8464990776,108.212665187062,14.7130447163497,100.189081924533,0.591981374425607,278.902180250821,2.78375821889359,0.898301474284318,13.3073297515896,100.189081924533,6.78476291893461,"1","1","CEH_1.1","NO"
7,482.755384966719,103.905432118511,15.039137072468,108.24067618159,0.531148309838245,289.276866839826,2.67253381117576,0.83148039327666,12.7756385077593,108.24067618159,6.51470621941426,"1","1","CEH_1.1","NO"
7.5,463.678056759889,99.8150761667528,15.3572004253993,116.359982108922,0.597270221393706,298.686965672843,2.56692172222275,0.773461789601797,12.2707760940937,116.359982108922,6.25824737202558,"1","1","CEH_1.1","NO"
8,443.792499391036,95.5496762280839,15.6685795067016,125.35674039292,0.49561641967606,307.980861960521,2.45683527662878,0.717951022959777,11.7445247038844,125.35674039292,5.99081354357047,"1","1","CEH_1.1","NO"
8.5,416.282768865108,89.6420254817266,15.9719079295416,138.656626040544,0.424104132383814,319.539936264631,2.30454140843724,0.649085460753121,11.0165071952462,138.656626040544,5.62041318745122,"1","1","CEH_1.1","NO"
9,386.474164707532,83.2375132950951,16.2661256371697,154.346908643045,0.426125533059646,330.228448594906,2.1395209758209,0.583102057509563,10.2276522948201,154.346908643045,5.21886040504256,"1","1","CEH_1.1","NO"
9.5,362.588997174581,78.1065905380378,16.5525690419312,168.072577491463,0.494848055689081,337.370855912177,2.00729268835848,0.535482952324995,9.59555522122811,168.072577491463,4.89715966509847,"1","1","CEH_1.1","NO"
10,341.786812218482,73.6380719815721,16.8333142433564,181.019390759665,0.459604681244272,342.512544304755,1.89213179244152,0.497184305075311,9.04504619854991,181.019390759665,4.61699062063338,"1","1","CEH_1.1","NO"
10.5,310.742239458258,66.9614354155472,17.1079705123447,202.150695105347,0.289655692223967,347.753581727318,1.72026903764091,0.445212419146509,8.22348262502333,202.150695105347,4.1983760701271,"1","1","CEH_1.1","NO"
11,272.944737429939,58.8272290638866,17.3740899996023,231.300650876152,0.310304057860181,349.500387449357,1.51102206641214,0.38910396343065,7.22320953134591,231.300650876152,3.68837419988107,"1","1","CEH_1.1","NO"
11.5,246.18989892454,53.070407006677,17.6331797817386,254.85829025948,0.39470820501908,347.34821927673,1.36290728044626,0.353137423579072,6.51516948513904,254.85829025948,3.32743056396617,"1","1","CEH_1.1","NO"
12,220.388527355281,47.5171347188699,17.8873021769476,280.525524738911,0.28085496337625,342.261025917448,1.22007088743883,0.320826420639491,5.83236198793015,280.525524738911,2.97924917658486,"1","1","CEH_1.1","NO"
12.5,195.319645060481,42.1198645038517,18.1361054604148,308.876994315905,0.352854710231729,333.985467750517,1.08128955505483,0.291378126750198,5.16893908688058,308.876994315905,2.6408488723781,"1","1","CEH_1.1","NO"
13,169.828666927055,36.6296314485833,18.3804997649184,342.175576103884,0.220027393338397,321.703724685968,0.940171500108175,0.263022863948291,4.49434584155758,342.175576103884,2.29661994515131,"1","1","CEH_1.1","NO"
13.5,141.670278245733,30.5620097022097,18.6197190104207,385.849055675084,0.230668972175262,302.616267281703,0.784286660368376,0.233251834302239,3.74916224349507,385.849055675084,1.91618966039904,"1","1","CEH_1.1","NO"
14,119.850745915601,25.859827833098,18.8544910582821,426.666556241367,0.256019328156694,283.090584606048,0.663493729388769,0.2109375545926,3.17173013991048,426.666556241367,1.62137029587746,"1","1","CEH_1.1","NO"
14.5,100.669066642277,21.7251637971484,19.0857552353448,469.771685868739,0.212535436071944,261.805617510012,0.557303952931647,0.191582427607498,2.66410617962123,469.771685868739,1.36213340170367,"1","1","CEH_1.1","NO"
15,77.6749986570034,16.7660754353251,19.3134256455631,534.610826207009,0.0858709349543144,229.887355869544,0.430008792565171,0.168346759152892,2.05559116445894,534.610826207009,1.05120640650531,"1","1","CEH_1.1","NO"
15.5,58.495215284812,12.6285679673116,19.5370802687128,606.291072941961,0.169562077170085,196.33494216963,0.323829511816719,0.148443551318156,1.54801737729726,606.291072941961,0.791791233639302,"1","1","CEH_1.1","NO"
16,43.5450165183438,9.40277805092807,19.7578763006109,681.812977739572,0.0694234545686017,164.361389645111,0.241065211445551,0.132001007517309,1.15237531714145,681.812977739572,0.589539308958229,"1","1","CEH_1.1","NO"
16.5,33.3343216670353,7.1993531230198,19.976114469297,750.888722569671,0.218071295803988,138.568107362291,0.184538804748708,0.119857972686025,0.882159488596423,750.888722569671,0.451388051712274,"1","1","CEH_1.1","NO"
17,27.4556071881542,5.93084884681482,20.1929053950586,801.665924069733,0.202567555692745,121.848603980096,0.151994241393622,0.112266216260143,0.726585188627313,801.665924069733,0.371854840319432,"1","1","CEH_1.1","NO"
17.5,22.4527790884489,4.85110025363869,20.4085572639052,854.879307726542,0.201962826597449,106.260288324958,0.124298585033653,0.105278018998197,0.594190345796712,854.879307726542,0.304156311648233,"1","1","CEH_1.1","NO"
18,17.609949590293,3.80551333556166,20.6231522096868,919.841261278781,0.121526696603328,89.6741112287687,0.0974886809318622,0.0978429689867144,0.466029705957514,919.841261278781,0.238599665963285,"1","1","CEH_1.1","NO"
18.5,12.8648175312937,2.78063782712301,20.8365824083608,1004.64661673302,0.0868232687621153,71.5505601770374,0.0712196298532418,0.0895837387007466,0.340454531148156,1004.64661673302,0.174341592898006,"1","1","CEH_1.1","NO"
19,9.59500221518984,2.07430103619177,21.0489395495772,1084.65478197805,0.152814076011146,57.6146192381648,0.053117932263291,0.0829757094103893,0.253922138622784,1084.65478197805,0.130055393504384,"1","1","CEH_1.1","NO"
19.5,7.33810514002092,1.58670710300337,21.2605302653629,1158.60423248564,0.124894362347295,47.0668487533422,0.0406237500551558,0.077679674798802,0.194195614425514,1158.60423248564,0.0994840252484094,"1","1","CEH_1.1","NO"
20,5.62984946867312,1.21757594930919,21.4714629850972,1232.40707842197,0.158177576881018,38.4102424341193,0.0311668466585744,0.0730278181420702,0.148988336338965,1232.40707842197,0.0763400858631401,"1","1","CEH_1.1","NO"
20.5,4.06490921659243,0.879300113353883,21.6818224214869,1324.05272394398,0.0390504134626063,29.7956052128273,0.0225033374230557,0.0679731240096811,0.107573757507902,1324.05272394398,0.0551307260881666,"1","1","CEH_1.1","NO"
21,2.86522992880055,0.619916454407566,21.8915434914611,1423.36914563692,0.124130398525222,22.5773573924852,0.0158619128858399,0.0632302591888256,0.0758254448357779,1423.36914563692,0.0388677810072524,"1","1","CEH_1.1","NO"
21.5,2.09722156972639,0.45384300308026,22.1007941372011,1512.8949469705,0.0870063717686133,17.5650410682999,0.0116102186100053,0.0594885984517436,0.0555008716212392,1512.8949469705,0.0284552383308734,"1","1","CEH_1.1","NO"
22,1.44792104064162,0.313396636348814,22.3096075146951,1620.21645534514,0.0485950425596386,12.9871542663432,0.00801569088099198,0.0555481335244358,0.0383177824195397,1620.21645534514,0.019649473317588,"1","1","CEH_1.1","NO"
22.5,0.90585696211321,0.196109022220264,22.5179663116153,1757.41098152537,-0.0156213586180488,8.81310701802406,0.00501482414225873,0.0512116977452155,0.023972598645364,1757.41098152537,0.012295725456244,"1","1","CEH_1.1","NO"
23,0.538472615059297,0.116597784993887,22.7258545493639,1911.02205670293,0.00156808899185157,5.69672693329365,0.00298098439696827,0.0470952178099274,0.0142501392849292,1911.02205670293,0.0073104966658839,"1","1","CEH_1.1","NO"
23.5,0.340361685071244,0.0737151113218534,22.9333594411852,2047.7057945981,0.0401041183998864,3.85837385269964,0.00188424228855441,0.0439516263700685,0.0090073316337254,2047.7057945981,0.00462182086539573,"1","1","CEH_1.1","NO"
24,0.208591397731992,0.0451857768484733,23.1405601962894,2195.01338891051,-0.0259560604722653,2.53471800237305,0.00115476197784431,0.0410020278029699,0.00552016274957945,2195.01338891051,0.0028330767262299,"1","1","CEH_1.1","NO"
24.5,0.137145853615225,0.0297151505957507,23.3474752922434,2322.17421352215,0.114206895403664,1.76308626249342,0.000759239445613888,0.038756782103567,0.00362942787007333,2322.17421352215,0.00186309293412275,"1","1","CEH_1.1","NO"
25,0.10106798110524,0.0219027601018783,23.5542129021507,2415.65838240487,0.106106884868473,1.35159068238985,0.000559512343398611,0.0372569236840525,0.00267466305196908,2415.65838240487,0.00137326840905967,"1","1","CEH_1.1","NO"
25.5,0.0718112405592305,0.0155656817385859,23.7607969230547,2521.27107792395,0.0650927738025684,1.00232382314515,0.0003975470277359,0.0356962806530535,0.00190041267015948,2521.27107792395,0.000975943620696643,"1","1","CEH_1.1","NO"
26,0.0475009248106465,0.0102983749546779,23.9672141765703,2650.13997416328,0.0225574420484786,0.696894375664718,0.000262965119751739,0.033960470343992,0.00125706447418895,2650.13997416328,0.000645691818023322,"1","1","CEH_1.1","NO"
26.5,0.0323911901141605,0.00702400445258788,24.1734625397216,2770.51627384361,0.10036949979328,0.496802407868697,0.000179317628471992,0.0324849201752353,0.000857200455181143,2770.51627384361,0.000440393967471077,"1","1","CEH_1.1","NO"
27,0.0241378160334604,0.00523536766008659,24.3795867408992,2863.81746577903,0.136821829632171,0.382683192052243,0.000133626949561237,0.0314265839479814,0.000638783163509495,2863.81746577903,0.000328249270136188,"1","1","CEH_1.1","NO"
27.5,0.0183482700411092,0.0039804844266666,24.5856125654021,2951.58900937573,0.130705252908858,0.299810672948176,0.000101576022947581,0.0304920501174502,0.000485568618367915,2951.58900937573,0.000249570076577996,"1","1","CEH_1.1","NO"
28,0.014099470316951,0.00305939449145746,24.7915476679739,3036.60846210566,0.15483730691404,0.237021464367659,7.80546676746407e-05,0.0296383287878977,0.000373128382467791,3036.60846210566,0.000191819194769403,"1","1","CEH_1.1","NO"
28.5,0.0105584616616426,0.00229153075380174,24.9973981181983,3130.77659232068,0.0908223971863034,0.182999038062886,5.84516437588536e-05,0.0287468611528387,0.000279419129413711,3130.77659232068,0.000143675353149431,"1","1","CEH_1.1","NO"
29,0.00785352054602671,0.0017048342979258,25.2031566038906,3227.92370978802,0.144176737607614,0.140340728813378,4.34770897428039e-05,0.0278816998453505,0.000207835567730051,3227.92370978802,0.000106890413497345,"1","1","CEH_1.1","NO"
29.5,0.00623958736226861,0.0013547723606548,25.4088400556978,3304.07859778195,0.202241790075092,0.114130657978899,3.4542355637519e-05,0.027239061461921,0.000165124439955077,3304.07859778195,8.49420838150388e-05,"1","1","CEH_1.1","NO"
30,0.0049693620139069,0.0010792053576192,25.6144633025168,3380.08503496877,0.148670866473584,0.0929874511533751,2.75103881089886e-05,0.0266265490568735,0.000131509196336032,3380.08503496877,6.76644686611575e-05,"1","1","CEH_1.1","NO"
0,586,126,10,70,1.10372693794779,227.08672,3.244096,1.28571428571429,15.507904,70,7.90000067282297,"2","2","CEH_2.1","NO"
0.5,587.080182796267,126.227703570367,10.3750192479333,70.0126077975947,1.03333099621045,227.546288736223,3.25007589196013,1.28548275562294,15.5364899575204,70.0126077975947,7.91427732646664,"2","2","CEH_2.1","NO"
1,587.674041607386,126.352911363032,10.7499356438941,70.126900835538,1.04091650518554,228.148299149435,3.25336349433849,1.2833876718874,15.5522058370979,70.126900835538,7.92212765699281,"2","2","CEH_2.1","NO"
1.5,588.055040805629,126.433262215619,11.1246646573367,70.2870765103719,1.00660283608856,228.817659157018,3.25547270589996,1.280462987911,15.5622885998802,70.2870765103719,7.92716552833805,"2","2","CEH_2.1","NO"
2,584.041197528994,125.577436421249,11.4983646728609,71.5370345196602,0.765467084995682,231.297264908052,3.23325206952051,1.25808961196547,15.4560662514073,71.5370345196602,7.87350660491471,"2","2","CEH_2.1","NO"
2.5,575.838878017521,123.826673326953,11.8680169802312,73.9063347647674,0.79363217787209,235.601867963336,3.187844028705,1.21775758852683,15.2390000678557,73.9063347647674,7.7637365285425,"2","2","CEH_2.1","NO"
3,566.798133938174,121.896040551002,12.2330685410886,76.6040744721406,0.726525472816519,240.367841218449,3.13779446948173,1.1748722325825,14.9997458165398,76.6040744721406,7.64268890767755,"2","2","CEH_2.1","NO"
3.5,552.941317194641,118.932059335154,12.5922014187587,80.8055076736107,0.618532945305267,247.352376511541,3.06108313198953,1.11378546575721,14.633039018239,80.8055076736107,7.4568519743487,"2","2","CEH_2.1","NO"
4,535.644737694092,115.228747127336,12.9433010926821,86.271155840883,0.614587127305584,255.822383388332,2.96532926787449,1.04322237395306,14.1753023383365,86.271155840883,7.22466015741665,"2","2","CEH_2.1","NO"
4.5,515.205709813476,110.849045135196,13.2859045017054,93.0883610698579,0.530807741707332,265.504650857084,2.8521788095274,0.966823338230864,13.6344039045038,93.0883610698579,6.95005977103044,"2","2","CEH_2.1","NO"
5,496.027346017986,106.739200712734,13.6193943330071,99.8899972299101,0.626658893250531,274.298670336238,2.74600738755557,0.900991115184967,13.12686768502,99.8899972299101,6.69237902735858,"2","2","CEH_2.1","NO"
5.5,476.063672463478,102.459340916167,13.9456289894798,107.424574296795,0.49768219039096,283.116229183761,2.63548849075781,0.837797129652532,12.5985490280735,107.424574296795,6.42403858868823,"2","2","CEH_2.1","NO"
6,448.746799356372,96.5963437681212,14.2627950467792,118.411288093112,0.456850546148726,294.16469668239,2.48426228123687,0.760062671805658,11.875635298167,118.411288093112,6.05643794254282,"2","2","CEH_2.1","NO"
6.5,419.943682844727,90.4116524819258,14.5702461513181,130.982883152906,0.444718193225569,304.510084510955,2.32480822822841,0.687112680936612,11.1133896228028,130.982883152906,5.66866758284325,"2","2","CEH_2.1","NO"
7,395.412893833644,85.1446953777968,14.8691156209736,142.631587745334,0.502076256201548,312.221370022633,2.18900578026306,0.63099627104126,10.4642068224136,142.631587745334,5.3384377045389,"2","2","CEH_2.1","NO"
7.5,367.357845458859,79.1172363001872,15.1608686945822,157.13590286284,0.360027961364438,319.566190801508,2.03369303246024,0.572752619613345,9.72175802222325,157.13590286284,4.96052555558232,"2","2","CEH_2.1","NO"
8,338.150334055792,72.8396462613313,15.4442076553286,173.722450687185,0.443662311121804,325.208471001126,1.87200024933286,0.518067754881373,8.94881044045247,173.722450687185,4.56693059105321,"2","2","CEH_2.1","NO"
8.5,317.802797753341,68.4683956345426,15.7214170300092,186.413103907549,0.488809714684334,327.967066592917,1.75935628836249,0.482798677310987,8.41033323974441,186.413103907549,4.29286009190473,"2","2","CEH_2.1","NO"
9,301.359887399967,64.9368275445679,15.9942104024691,197.488316143572,0.513584129131757,329.475353978868,1.66832833664622,0.45572316255191,7.97518806015273,197.488316143572,4.07143635946885,"2","2","CEH_2.1","NO"
9.5,279.718124156157,60.2840240280533,16.2628770703338,213.242976246638,0.345840694697181,330.210914489508,1.54851953532849,0.422053760382267,7.40246043766854,213.242976246638,3.77971293954045,"2","2","CEH_2.1","NO"
10,259.52027820778,55.9408725441684,16.5262629201637,229.311763842588,0.510652241744886,329.453188017053,1.43670426015827,0.392478774275972,6.8679446424907,229.311763842588,3.50740421220027,"2","2","CEH_2.1","NO"
10.5,247.202042521615,53.2945575980409,16.7863677478558,239.961312211589,0.531751235379164,328.38957713097,1.36851050739966,0.375060459415397,6.54195485329203,239.961312211589,3.34148445144703,"2","2","CEH_2.1","NO"
11,236.239118655043,50.9395177467458,17.0439969622664,250.057332936554,0.542001989486307,327.029921365954,1.30781976087432,0.359917459500519,6.25183203608706,250.057332936554,3.19382717835372,"2","2","CEH_2.1","NO"
11.5,225.582849336106,48.6498757700501,17.2993718503085,260.482782984822,0.523968105377193,325.297842279925,1.24882665392469,0.345512279040892,5.96982452483072,260.482782984822,3.05027024854087,"2","2","CEH_2.1","NO"
12,212.328002462605,45.7992812610087,17.5523482759016,274.323439995221,0.422665268345813,322.452889965248,1.17544782163298,0.328079875352861,5.61904825717037,274.323439995221,2.87154248235537,"2","2","CEH_2.1","NO"
12.5,202.327747102139,43.6495103835422,17.8026932347074,285.516145276253,0.640277800511861,319.802753576333,1.12008640795744,0.315218601431173,5.35440149931101,285.516145276253,2.73675524919346,"2","2","CEH_2.1","NO"
13,195.698145924558,42.2258627200592,18.0515554505272,293.407268571261,0.573464884825944,317.873014835582,1.08338493583835,0.306740867185236,5.17895573374751,293.407268571261,2.64749479284919,"2","2","CEH_2.1","NO"
13.5,190.035286835059,41.010125896212,18.2990919106433,300.466606930331,0.699584945243237,316.101491359958,1.05203534791888,0.299534117682729,5.02909383080299,300.466606930331,2.57127001724309,"2","2","CEH_2.1","NO"
14,184.327074930393,39.7843111829186,18.5456007237775,307.90105732704,0.558253516905575,314.192919003419,1.02043468681465,0.292301691917887,4.87803171095792,307.90105732704,2.49441337391155,"2","2","CEH_2.1","NO"
14.5,178.384996470933,38.5078108934407,18.7908342711021,315.972833317094,0.665176482889337,312.035603418216,0.987539340463087,0.284834613960881,4.72078054660678,315.972833317094,2.41437882513588,"2","2","CEH_2.1","NO"
15,173.951775638607,37.5562106250577,19.03507887426,322.287211000892,0.669255137184124,310.36162698,0.962997029935329,0.27925402227565,4.6034597905001,322.287211000892,2.35471499370347,"2","2","CEH_2.1","NO"
15.5,170.124108968732,36.734819691304,19.2784846281072,327.955553074041,0.717483709378052,308.870857629309,0.9418070672509,0.274427431267435,4.50216441974852,327.955553074041,2.30321508156613,"2","2","CEH_2.1","NO"
16,167.861935438627,36.2499037833761,19.5212613195733,331.466151443104,0.865147544293835,308.02608321467,0.92928367458824,0.271520936928755,4.44229825944783,331.466151443104,2.27281162125745,"2","2","CEH_2.1","NO"
16.5,166.389107948727,35.9343534015245,19.7636958195508,333.861385178729,0.836568689773566,307.529771651386,0.921130101604154,0.269572954511704,4.40332135275512,333.861385178729,2.25302711150399,"2","2","CEH_2.1","NO"
17,164.649884539987,35.5616693382303,20.0057982899781,336.71902903984,0.816913209239608,306.919987869182,0.911501760813368,0.26728516133061,4.35729454446622,336.71902903984,2.22966041030736,"2","2","CEH_2.1","NO"
17.5,163.846774586765,35.3892765860687,20.2476006153268,338.149167470921,1.01550035780671,306.720144721302,0.907055744112331,0.266154728911877,4.33604104266415,338.149167470921,2.21885165746556,"2","2","CEH_2.1","NO"
18,163.86321171291,35.3919228183942,20.4893452107626,338.290718653477,0.993899463238522,306.879322613193,0.907146740042669,0.266043361633549,4.33647603477045,338.290718653477,2.21901757204614,"2","2","CEH_2.1","NO"
18.5,163.989238202672,35.417674058478,20.7310827647152,338.256397635563,1.06475156522366,307.084184032655,0.907844422689993,0.266070355591517,4.33981119979552,338.256397635563,2.22063213406191,"2","2","CEH_2.1","NO"
19,164.254961677981,35.4729044695351,20.9728522555055,337.995129764794,1.05493077412696,307.344199552859,0.909315467849302,0.266276026115021,4.34684330584608,337.995129764794,2.2240949934628,"2","2","CEH_2.1","NO"
19.5,164.515644593178,35.5270817067821,21.2146597990786,337.737693695413,1.06223807676121,307.59751193717,0.910758608467834,0.266478991477824,4.35374201851386,337.737693695413,2.22749182053186,"2","2","CEH_2.1","NO"
20,164.936706419869,35.615075490206,21.4565185009562,337.212253838892,1.1304913865494,307.905004245795,0.913089606740393,0.266894215662159,4.3648849986954,337.212253838892,2.23300889154975,"2","2","CEH_2.1","NO"
20.5,165.436506647983,35.7196806045002,21.6984642472506,336.551003876232,1.09964745337691,308.232424751901,0.915856500803234,0.267418605095286,4.37811171193222,336.551003876232,2.23956746673471,"2","2","CEH_2.1","NO"
21,166.022842991113,35.8425409494974,21.9405007602986,335.737964008538,1.17447583422324,308.577588232351,0.9191024587988,0.268066199381942,4.39362851691681,335.737964008538,2.24727061600567,"2","2","CEH_2.1","NO"
21.5,166.763521908132,35.9979529645167,22.1826653168617,334.658663940339,1.18142438115181,308.957834764373,0.92320285728342,0.268930733602775,4.41322984377681,334.658663940339,2.25701470349152,"2","2","CEH_2.1","NO"
22,167.321243664019,36.1148178310803,22.4249590021328,333.88127444301,1.07663566783085,309.27102090036,0.926290404924007,0.269556896085713,4.42798939232459,333.88127444301,2.26434194574931,"2","2","CEH_2.1","NO"
22.5,167.90722421203,36.2376533131627,22.6673438005948,333.047286468546,1.19548923031271,309.578907347035,0.929534393237799,0.270231896960674,4.44349678154716,333.047286468546,2.27204353615485,"2","2","CEH_2.1","NO"
23,168.658166151231,36.3952791935501,22.9098665636266,331.923893827663,1.16173556952448,309.914554099574,0.933691607813216,0.271146493740305,4.46336970902618,331.923893827663,2.28192642949703,"2","2","CEH_2.1","NO"
23.5,169.08551326244,36.4847116735436,23.1525089175257,331.352085172848,1.03067414419581,310.164571802282,0.936057401420865,0.271614406630494,4.4746790229772,331.352085172848,2.28753370451386,"2","2","CEH_2.1","NO"
24,169.475108096367,36.5661964526015,23.3952066817627,330.838592500829,1.14293294775097,310.397464870057,0.938214198421485,0.272035977785072,4.48498926066224,330.838592500829,2.29264267125499,"2","2","CEH_2.1","NO"
24.5,170.169080606834,36.7118556066105,23.6380142731333,329.785751158893,1.17905257891529,310.676655566277,0.942056030239435,0.272904452917486,4.50335454917926,329.785751158893,2.30177526978415,"2","2","CEH_2.1","NO"
25,170.537513903842,36.7888737266683,23.8809419007475,329.302201645095,0.989852429812157,310.892784990387,0.944095676971667,0.273305187606967,4.51310476795126,329.302201645095,2.30660418407205,"2","2","CEH_2.1","NO"
25.5,170.728307060929,36.8284542978516,24.1238914939168,329.128128125559,1.09634569697481,311.076078237907,0.945151907889304,0.273449736771407,4.51815391806043,329.128128125559,2.3090858232703,"2","2","CEH_2.1","NO"
26,170.942496498807,36.8730014535087,24.3668902450419,328.91014839597,0.997614104391192,311.260060386363,0.946337660617397,0.273630961035749,4.52382222734444,328.91014839597,2.3118788594581,"2","2","CEH_2.1","NO"
26.5,170.508571405138,36.779876330494,24.6098569078437,329.87769520896,0.908761470871654,311.383251100492,0.943935451298844,0.272828388542578,4.51233883366557,329.87769520896,2.30604006156546,"2","2","CEH_2.1","NO"
27,169.873270774687,36.6437868172704,24.8526637445589,331.229618834072,0.954654507371965,311.494437122619,0.940418427008669,0.271714831290752,4.49552623778133,331.229618834072,2.29750746437474,"2","2","CEH_2.1","NO"
27.5,169.01245340881,36.4595092465203,25.0953125036812,333.028196874575,0.86428293347522,311.598812198354,0.935652942071173,0.270247386991966,4.47274556701075,333.028196874575,2.28595355220877,"2","2","CEH_2.1","NO"
28,167.133498966188,36.0573060991756,25.3376382591464,336.824981189843,0.772532025910622,311.647667605371,0.925251050276816,0.267201083726251,4.4230209166412,336.824981189843,2.26073605114024,"2","2","CEH_2.1","NO"
28.5,165.127388200177,35.6278070028103,25.579468482109,340.947965900522,0.839665322517612,311.675953663607,0.914145221076183,0.263969898639194,4.3699312013295,340.947965900522,2.23380713724927,"2","2","CEH_2.1","NO"
29,163.338040324026,35.2447524457518,25.8208773880715,344.718911460486,0.803375166290487,311.708418645811,0.90423939123381,0.261082281847239,4.32257789913504,344.718911460486,2.20979022249935,"2","2","CEH_2.1","NO"
29.5,160.038992905094,34.5372738796142,26.0617401937609,351.718972310977,0.626794828207164,311.614520632563,0.885975864722603,0.255886111029647,4.23527190824042,351.718972310977,2.16543243560653,"2","2","CEH_2.1","NO"
30,155.074690849889,33.4711331024572,26.3016040264599,362.547800138014,0.610179106839925,311.244925704793,0.858493488544985,0.248243128121972,4.10389661865146,362.547800138014,2.09858709547269,"2","2","CEH_2.1","NO"
0,586,126,10,70,1.18446612674743,227.08672,3.244096,1.28571428571429,15.507904,70,7.90000067282297,"3","3","CEH_3.1","NO"
0.5,588.240430339271,126.472281788977,10.3752890889184,69.7573884843513,1.11390335492636,227.164867401552,3.25649902235821,1.29018591371421,15.5671947484985,69.7573884843513,7.92961199386014,"3","3","CEH_3.1","NO"
1,589.914036903279,126.82512378035,10.7510361840766,69.6270488361396,1.1010427484855,227.385517055676,3.26576410829655,1.2926011012158,15.6114850726084,69.6270488361396,7.95173462853669,"3","3","CEH_3.1","NO"
1.5,590.624991212869,126.974982094012,11.1269849311916,69.7117150723192,0.991256102893126,227.936391380797,3.26969995135444,1.29103121199405,15.6302997674574,69.7117150723192,7.9611305077332,"3","3","CEH_3.1","NO"
2,591.48549691576,127.156374072163,11.5027027780995,69.7516654016089,1.1203911292508,228.399297134196,3.27446371092565,1.29029177270259,15.6530721903787,69.7516654016089,7.97250349780809,"3","3","CEH_3.1","NO"
2.5,592.699786940191,127.412462925299,11.8786606268841,69.6987456283267,1.03305409191308,228.694549802114,3.2811860205009,1.29127144525572,15.6852071615852,69.6987456283267,7.98855986377693,"3","3","CEH_3.1","NO"
3,592.850856513549,127.444333080737,12.2545030952583,69.9108363757496,0.989092169454211,229.448926909277,3.28202234165901,1.28735407364142,15.6892050667746,69.9108363757496,7.9905580721055,"3","3","CEH_3.1","NO"
3.5,593.280066543242,127.534834426747,12.6299390674289,70.0458447821955,1.06769790865175,230.058463918346,3.28439844838339,1.28487278981146,15.7005636810004,70.0458447821955,7.9962323633307,"3","3","CEH_3.1","NO"
4,593.644547291466,127.61164161898,13.005286206379,70.1972780516456,0.982908514310311,230.697472753945,3.28641621380556,1.28210099448279,15.7102092995214,70.1972780516456,8.00104805277763,"3","3","CEH_3.1","NO"
4.5,593.606096556604,127.603495701482,13.3801512902178,70.4575282319565,1.01827834771129,231.537765346436,3.28620335053736,1.27736527605264,15.709191739274,70.4575282319565,8.00053731663706,"3","3","CEH_3.1","NO"
5,593.730710065454,127.629894582221,13.7546490204059,70.6711162776542,0.997971159276584,232.288412301326,3.28689321092235,1.27350471791624,15.7124895111722,70.6711162776542,8.00219248469741,"3","3","CEH_3.1","NO"
5.5,593.497216640746,127.580352170665,14.1286607459764,70.9907298726459,0.987596766276864,233.247184048029,3.28560059132317,1.26777116056499,15.7063103411807,70.9907298726459,7.99908625386701,"3","3","CEH_3.1","NO"
6,592.657133302521,127.401724225625,14.5019260405099,71.4997936131671,0.95894824013346,234.58723998748,3.28094988996276,1.25874489214506,15.6840783757179,71.4997936131671,7.98788656429558,"3","3","CEH_3.1","NO"
6.5,589.243434115655,126.67459200149,14.8736079717693,72.8387573426574,0.838377660242201,237.603788665653,3.26205165126427,1.2356059230474,15.5937382404367,72.8387573426574,7.94229652413766,"3","3","CEH_3.1","NO"
7,586.459171107638,126.081539928934,15.2424249173956,73.9956345926009,0.994743901179372,240.237036975218,3.24663797125189,1.21628796746612,15.5200555041925,73.9956345926009,7.90511309737405,"3","3","CEH_3.1","NO"
7.5,582.891940272873,125.321305739934,15.6095299138734,75.4530129255264,0.796586949725434,243.478556381498,3.22688978135062,1.19279531075627,15.4256523073813,75.4530129255264,7.85744761638516,"3","3","CEH_3.1","NO"
8,577.489220244045,124.169372651398,15.9729128428353,77.5805091096658,0.892275237547492,248.023361092951,3.19698032327103,1.16008519450135,15.2826747245384,77.5805091096658,7.78522323404801,"3","3","CEH_3.1","NO"
8.5,571.965006598683,122.991337885451,16.3330406244246,79.8170476631568,0.78835522064482,252.732562158357,3.16639827653031,1.12757866439532,15.1364819346276,79.8170476631568,7.71136231782906,"3","3","CEH_3.1","NO"
9,565.491562288448,121.610298473429,16.6889647577657,82.4669909620642,0.841843402611408,258.167969512036,3.13056128882885,1.09134574876633,14.9651687044015,82.4669909620642,7.62477333144673,"3","3","CEH_3.1","NO"
9.5,561.614883594153,120.78398255073,17.0415675747637,84.1891794378136,0.919098857103824,261.752577417757,3.10909999557723,1.0690209905951,14.8625762794357,84.1891794378136,7.57296463029367,"3","3","CEH_3.1","NO"
10,558.519888115964,120.124459405818,17.3920817091699,85.6444255611742,0.884061484938368,264.809660541365,3.09196610060998,1.05085648494092,14.7806703191009,85.6444255611742,7.53161357244807,"3","3","CEH_3.1","NO"
10.5,554.571516778383,119.28276345151,17.7402942723832,87.4765640894362,0.86918828539027,268.562491952887,3.07010791688513,1.02884699389866,14.6761806200231,87.4765640894362,7.47884056764376,"3","3","CEH_3.1","NO"
11,551.430461122002,118.613271454401,18.0861407229597,89.011563142832,0.929383778648286,271.727292942857,3.0527190327714,1.01110458936197,14.5930557231327,89.011563142832,7.43686447853573,"3","3","CEH_3.1","NO"
11.5,550.306425062617,118.373702585413,18.4305527845132,89.7179723240326,0.994595161996673,273.325476932365,3.04649636914665,1.00314349141718,14.5633092328571,89.7179723240326,7.42184388943893,"3","3","CEH_3.1","NO"
12,550.015862914819,118.311598062518,18.7744184970366,90.0738249478238,0.985720123034744,274.264692222906,3.04488781709644,0.999180395105164,14.5556197961778,90.0738249478238,7.41795003410044,"3","3","CEH_3.1","NO"
12.5,548.19695023534,117.923940247795,19.1175630907847,91.1098899040886,0.893380199494383,276.501962695486,3.03481831650284,0.98781811826074,14.507484091028,91.1098899040886,7.39364450237713,"3","3","CEH_3.1","NO"
13,546.283542301209,117.516122896569,19.4591574625209,92.2013227874519,0.979098767370701,278.837609042344,3.02422569017949,0.976124824233525,14.4568476634592,92.2013227874519,7.3680749996067,"3","3","CEH_3.1","NO"
13.5,544.087242338812,117.047950129842,19.7996444057185,93.4454929966118,0.87558510136407,281.464083285712,3.01206697358766,0.963128312708064,14.3987247812543,93.4454929966118,7.3387213077643,"3","3","CEH_3.1","NO"
14,542.124833540169,116.629578657234,20.1384197317544,94.5950998712477,0.993944503866291,283.899104942558,3.00120307847838,0.951423489403764,14.346791594807,94.5950998712477,7.31249007827942,"3","3","CEH_3.1","NO"
14.5,540.192703429546,116.217644510308,20.4762298741672,95.7535056119063,0.87701886169587,286.351510248572,2.99050680618597,0.939913368443913,14.2956597035595,95.7535056119063,7.28666245893123,"3","3","CEH_3.1","NO"
15,537.381463626932,115.618286933039,20.8122561968201,97.3590023269009,0.936615680102646,289.63755865632,2.9749437826387,0.924413745508692,14.2212630534231,97.3590023269009,7.24908368699718,"3","3","CEH_3.1","NO"
15.5,536.486914674939,115.427438555911,21.147061934635,98.0299673151857,1.00118029880031,291.148175517932,2.96999155964046,0.918086606217384,14.1975897099576,98.0299673151857,7.23711779566609,"3","3","CEH_3.1","NO"
16,536.59647145953,115.450166234398,21.4815199195324,98.1984544694749,1.0137571055098,291.708138931207,2.97059806599996,0.916511369616073,14.200489020705,98.1984544694749,7.2385427851529,"3","3","CEH_3.1","NO"
16.5,536.876017064434,115.508731493422,21.8158767640328,98.2790258508894,1.02437672004669,292.099577249442,2.97214563046871,0.915759992743004,14.2078869155932,98.2790258508894,7.24221473424575,"3","3","CEH_3.1","NO"
17,537.791692386151,115.701397995768,22.1503128212708,98.0266530839781,1.10229561425365,291.8464032432,2.97721480904973,0.918117646257883,14.2321193473071,98.0266530839781,7.25429461915181,"3","3","CEH_3.1","NO"
17.5,539.040920927452,115.964400756184,22.4852197633514,97.5937951509179,1.07131921011762,291.232624453996,2.98413053825437,0.922189775085855,14.2651789314241,97.5937951509179,7.27078447616959,"3","3","CEH_3.1","NO"
18,540.756164766658,116.325663750941,22.8206821573067,96.9038973143224,1.17296391973556,290.094038919548,2.99362612814822,0.928755215159938,14.3105711443848,96.9038973143224,7.2934350944366,"3","3","CEH_3.1","NO"
18.5,542.424351409742,116.677049591034,23.1570540609653,96.2310053069955,1.06351360884083,288.968352978359,3.00286120940433,0.935249504178851,14.3547180357074,96.2310053069955,7.3154664307315,"3","3","CEH_3.1","NO"
19,544.040780234261,117.017556550434,23.4940539972371,95.5744553521894,1.16399538745007,287.852077376853,3.01180975937687,0.941674212720882,14.3974952081195,95.5744553521894,7.3368156784169,"3","3","CEH_3.1","NO"
19.5,546.686033435376,117.574974393958,23.8321707500016,94.343095790071,1.23261726296944,285.525028408683,3.02645388109824,0.953964879425463,14.4674991888338,94.343095790071,7.37176489539213,"3","3","CEH_3.1","NO"
20,550.061929679474,118.286467440169,24.1719676961176,92.694082085827,1.31673877097934,282.266720624819,3.04514284270557,0.970935770383566,14.5568389070376,92.694082085827,7.41637438383481,"3","3","CEH_3.1","NO"
20.5,553.438285166724,118.998131522905,24.513822253863,91.0319257999511,1.22794443791388,278.906740910587,3.06383434668298,0.988664133040327,14.6461907786522,91.0319257999511,7.46099459599701,"3","3","CEH_3.1","NO"
21,556.528107943068,119.649464725293,24.8575851204267,89.516575877602,1.24554266665955,275.795163976569,3.08093960557283,1.00540038666201,14.7279598486054,89.516575877602,7.50183215740256,"3","3","CEH_3.1","NO"
21.5,559.888493388309,120.357896850457,25.2033702575312,87.8341604558081,1.28392849850336,272.245730798524,3.09954269939768,1.02465828252872,14.8168890890282,87.8341604558081,7.54624973093782,"3","3","CEH_3.1","NO"
22,563.765554796457,121.175313360487,25.5515472122152,85.8427172255951,1.37891621047748,267.915645076246,3.12100611135319,1.04842906782039,14.9194916421334,85.8427172255951,7.59750045299507,"3","3","CEH_3.1","NO"
22.5,568.125348703763,122.094570605139,25.9026581889507,83.5604544710507,1.44890375437451,262.80948908219,3.14514193042403,1.0770645105955,15.0348692280964,83.5604544710507,7.65513642800497,"3","3","CEH_3.1","NO"
23,572.242024732875,122.962671860315,26.2570234066728,81.4065513661103,1.28015139537917,257.89040678354,3.1679318489212,1.10556212601664,15.1438129425308,81.4065513661103,7.70956500340159,"3","3","CEH_3.1","NO"
23.5,575.987107776555,123.75252468951,26.6143683147304,79.454712491577,1.31942360934584,253.354431301527,3.18866462865101,1.13272073081305,15.2429228201988,79.454712491577,7.75908752627516,"3","3","CEH_3.1","NO"
24,580.037949986627,124.606908004255,26.9749239692501,77.3101596272536,1.35942769245264,248.249887522441,3.21109009112597,1.16414195021624,15.3501243084461,77.3101596272536,7.81265600850795,"3","3","CEH_3.1","NO"
24.5,584.579465451807,125.564806799322,27.3392300974019,74.8627806646659,1.49999484144231,242.273320462439,3.2362319207412,1.20219953361255,15.4703109737166,74.8627806646659,7.87271474759944,"3","3","CEH_3.1","NO"
25,589.236485110018,126.54714827181,27.7079555889523,72.3350601860064,1.39473275153364,235.957919816344,3.26201318156906,1.24420992764185,15.5935543419515,72.3350601860064,7.9343060038978,"3","3","CEH_3.1","NO"
25.5,593.952537040009,127.542026910096,28.0813369761763,69.7591575826313,1.51254536121947,229.376568084484,3.28812124505349,1.29015319448766,15.7183599402268,69.7591575826313,7.99668332065844,"3","3","CEH_3.1","NO"
26,598.835196096767,128.572122673957,28.4600010089498,67.0716284908447,1.46339031808665,222.352619563939,3.3151516455917,1.34184903550217,15.8475746295048,67.0716284908447,8.06126869548043,"3","3","CEH_3.1","NO"
26.5,603.864627291339,129.633255479253,28.8444592618936,64.2834707426737,1.5927949212809,214.899294063238,3.34299457668485,1.400048861087,15.980673496638,64.2834707426737,8.12780004370105,"3","3","CEH_3.1","NO"
27,609.021473358816,130.721349140159,29.2355215032871,61.4070210927197,1.52884297675574,207.036404533129,3.37154287651441,1.46563045069565,16.1171442709677,61.4070210927197,8.19602179491731,"3","3","CEH_3.1","NO"
27.5,614.095262076397,131.792037715968,29.6337763937452,58.5697549090909,1.49059213040819,199.115576172231,3.39963137085494,1.53662927460928,16.2514170155898,58.5697549090909,8.26315227483219,"3","3","CEH_3.1","NO"
28,619.368109815109,132.904787867852,30.0399784062195,55.5989234560003,1.67147066734142,190.638803912471,3.42882185593645,1.61873637843409,16.3909576581471,55.5989234560003,8.33291994902716,"3","3","CEH_3.1","NO"
28.5,624.752147706846,134.041082486863,30.4554387787795,52.5492527127968,1.55270111858336,181.74831101564,3.4586278897051,1.71267896980166,16.533440836914,52.5492527127968,8.40416382406459,"3","3","CEH_3.1","NO"
29,630.069645710652,135.16345681932,30.8811581848447,49.5297688658894,1.55153238318586,172.763080909211,3.48806555865417,1.81708903677081,16.6741631040867,49.5297688658894,8.47453491915642,"3","3","CEH_3.1","NO"
29.5,635.475198573775,136.304497469063,31.3184772203818,46.4446325557413,1.59175562740801,163.391785363709,3.51799069930442,1.93779119453653,16.8172156550564,46.4446325557413,8.54607636281262,"3","3","CEH_3.1","NO"
30,641.030785365362,137.477270962478,31.7693221123955,43.2552716079648,1.6669833092736,153.501990601533,3.54874642778265,2.08067124894502,16.964238703909,43.2552716079648,8.61960740556701,"3","3","CEH_3.1","NO"
0,586,126,10,70,1.06704629450105,80.5,1.15,1.28571428571429,15.507904,70,7.90000067282297,"4","1","CEH_1.1","YES"
0.5,587.557353335057,129.868409000665,10.3869359389606,58.8288546196124,1.13347217560485,67.6531828125543,1.15,1.52986150388173,15.5491177986589,58.8288546196124,8.14254379748968,"4","1","CEH_1.1","YES"
1,588.588721028244,133.612516034193,10.8053013583621,47.6163205115284,0.998812476004836,54.7587685882577,1.15,1.89010824509655,15.5764119132915,47.6163205115284,8.37729338545787,"4","1","CEH_1.1","YES"
1.5,588.956032343279,137.200331408996,11.2699207684988,36.4509335441179,1.04762021154204,41.9185735757355,1.15,2.4690725654823,15.5861324399325,36.4509335441179,8.60224373367142,"4","1","CEH_1.1","YES"
2,587.647879140097,140.397959868724,11.8136561572084,26.1380830060705,0.879590608463554,30.0587954569811,1.15,3.44325174799918,15.5515134735635,26.1380830060705,8.80272997957054,"4","1","CEH_1.1","YES"
2.5,582.646138969276,142.721593380051,12.4757619783296,18.4158201514415,0.830199372483838,21.1781931741577,1.15,4.88710246189906,15.4191474216829,18.4158201514415,8.94841812483147,"4","1","CEH_1.1","YES"
3,578.39623571481,145.175055680127,13.3762291856156,9.83346252054746,0.917396206860174,11.3084818986296,1.15,9.15242213126261,15.3066779819567,9.83346252054746,9.1022463297628,"4","1","CEH_1.1","YES"
3.5,573.882432819311,147.521386863125,16.2079701913902,2.0866982274485,0.815117349620488,2.39970296156577,1.15,43.1303380700367,15.1872247021303,2.0866982274485,9.2493575831307,"4","1","CEH_1.1","YES"
4,568.819552516139,149.690209549034,12.2705419562576,-9.79820702384778,0.885977409255299,-11.2679380774249,1.15,-9.1853539919038,15.0532406377871,-9.79820702384778,9.38533933454272,"4","1","CEH_1.1","YES"
4.5,560.292082424275,150.925325159121,11.8166818262509,-14.4358784763106,0.66211884496048,-16.6012602477572,1.15,-6.23446644744835,14.827569669276,-14.4358784763106,9.4627791293895,"4","1","CEH_1.1","YES"
5,550.078621404211,151.651032584798,11.4770315396211,-17.0954175261208,0.805734123169068,-19.6597301550389,1.15,-5.26456869874546,14.557280636841,-17.0954175261208,9.50827983693811,"4","1","CEH_1.1","YES"
5.5,538.335996374615,151.866966032496,11.2419957651544,-17.9827050355934,0.604643510660433,-20.6801107909324,1.15,-5.00480877720353,14.2465238080578,-17.9827050355934,9.52181852251031,"4","1","CEH_1.1","YES"
6,520.542217054188,150.291725189218,10.9131203296686,-13.1371000278997,0.603659623791243,-15.1076650320846,1.15,-6.85082703251586,13.775629232122,-13.1371000278997,9.42305341360749,"4","1","CEH_1.1","YES"
6.5,502.8464990776,148.583944686147,10.3129215190288,-8.27063017992844,0.591981374425607,-9.5112247069177,1.15,-10.8818793782385,13.3073297515896,-8.27063017992844,9.31597827770837,"4","1","CEH_1.1","YES"
7,482.755384966719,146.001242882835,8.56149952257351,-2.23443658538007,0.531148309838245,-2.56960207318709,1.15,-40.2786100929739,12.7756385077593,-2.23443658538007,9.15404696037605,"4","1","CEH_1.1","YES"
7.5,463.678056759889,143.539853370183,13.2145403951581,8.24639765361671,0.597270221393706,9.48335730165922,1.15,10.9138564231774,12.2707760940937,8.24639765361671,8.9997217317568,"4","1","CEH_1.1","YES"
8,443.792499391036,140.63750080632,14.1853330183684,20.5203684325129,0.49561641967606,23.5984236973899,1.15,4.38588616456817,11.7445247038844,20.5203684325129,8.81774881741326,"4","1","CEH_1.1","YES"
8.5,416.282768865108,135.09907486768,14.736968576232,44.1664640169691,0.424104132383814,50.7914336195145,1.15,2.03774519883279,11.0165071952462,44.1664640169691,8.47049827263836,"4","1","CEH_1.1","YES"
9,386.474164707532,128.520066044747,15.1420323950803,72.9338626121727,0.426125533059646,83.8739420039986,1.15,1.23399470117985,10.2276522948201,72.9338626121727,8.05800482718059,"4","1","CEH_1.1","YES"
9.5,362.588997174581,123.61256668299,15.4950332721805,94.9399145925257,0.494848055689081,109.180901781405,1.15,0.947967989925761,9.59555522122811,94.9399145925257,7.75031238067454,"4","1","CEH_1.1","YES"
10,341.786812218482,119.912776736248,15.8266688248034,111.944880778752,0.459604681244272,128.736612895565,1.15,0.803967089641876,9.04504619854991,111.944880778752,7.51834140393991,"4","1","CEH_1.1","YES"
10.5,310.742239458258,114.2530604252,16.1442423862168,138.443487779063,0.289655692223967,159.210010945922,1.15,0.650084748974454,8.22348262502333,138.443487779063,7.16348614469175,"4","1","CEH_1.1","YES"
11,272.944737429939,105.445541783869,16.4414990606553,180.222733034455,0.310304057860181,207.256142989623,1.15,0.499382061766835,7.22320953134591,180.222733034455,6.61126865903765,"4","1","CEH_1.1","YES"
11.5,246.18989892454,100.185233843783,16.7260580473786,205.668492213487,0.39470820501908,236.51876604551,1.15,0.437597412376509,6.51516948513904,205.668492213487,6.2814556728001,"4","1","CEH_1.1","YES"
12,220.388527355281,94.6417812563038,17.0041982166567,232.986732666595,0.28085496337625,267.934742566584,1.15,0.386288090184047,5.83236198793015,232.986732666595,5.93388996509495,"4","1","CEH_1.1","YES"
12.5,195.319645060481,88.7750430224791,17.2747734307517,262.286272700065,0.352854710231729,301.629213605075,1.15,0.34313652435375,5.16893908688058,262.286272700065,5.56605475878947,"4","1","CEH_1.1","YES"
13,169.828666927055,81.9322967464915,17.5398499638137,297.029528394228,0.220027393338397,341.583957653362,1.15,0.303000178085153,4.49434584155758,297.029528394228,5.13702539224773,"4","1","CEH_1.1","YES"
13.5,141.670278245733,72.953202147744,17.797508129411,343.174195124893,0.230668972175262,394.650324393627,1.15,0.262257481123387,3.74916224349507,343.174195124893,4.57405036549022,"4","1","CEH_1.1","YES"
14,119.850745915601,66.2844281828286,18.0492876794578,377.973865012622,0.256019328156694,434.669944764515,1.15,0.238111701180701,3.17173013991048,377.973865012622,4.15592878763517,"4","1","CEH_1.1","YES"
14.5,100.669066642277,60.1496729431639,18.2969233681144,410.461651552149,0.212535436071944,472.030899284971,1.15,0.219265306904233,2.66410617962123,410.461651552149,3.77128933905616,"4","1","CEH_1.1","YES"
15,77.6749986570034,50.6042704147256,18.5399074823713,461.619007237803,0.0858709349543144,530.861858323473,1.15,0.194965975379858,2.05559116445894,461.619007237803,3.1728077009845,"4","1","CEH_1.1","YES"
15.5,58.495215284812,42.2708917984616,18.777117480572,506.804996257155,0.169562077170085,582.825745695728,1.15,0.177583095400925,1.54801737729726,506.804996257155,2.65031804483074,"4","1","CEH_1.1","YES"
16,43.5450165183438,35.4739746474141,19.0107286429255,544.203090106109,0.0694234545686017,625.833553622025,1.15,0.165379435795655,1.15237531714145,544.203090106109,2.22416209192283,"4","1","CEH_1.1","YES"
16.5,33.3343216670353,31.2785902181898,19.2410614476036,567.57518037576,0.218071295803988,652.711457432124,1.15,0.158569301674566,0.882159488596423,567.57518037576,1.96111812514804,"4","1","CEH_1.1","YES"
17,27.4556071881542,29.9436394457469,19.4703044512494,575.21852213235,0.202567555692745,661.501300452202,1.15,0.15646227744261,0.726585188627313,575.21852213235,1.8774188235569,"4","1","CEH_1.1","YES"
17.5,22.4527790884489,28.6444652588732,19.6988701207882,582.744654905627,0.201962826597449,670.156353141471,1.15,0.15444157100776,0.594190345796712,582.744654905627,1.79596265728375,"4","1","CEH_1.1","YES"
18,17.609949590293,26.4970411576983,19.9266675988466,595.239580191251,0.121526696603328,684.525517219938,1.15,0.15119962279908,0.466029705957514,595.239580191251,1.66132256328281,"4","1","CEH_1.1","YES"
18.5,12.8648175312937,23.2490325532861,20.1530666671339,614.258478012136,0.0868232687621153,706.397249713957,1.15,0.146518124245119,0.340454531148156,614.258478012136,1.45767756201146,"4","1","CEH_1.1","YES"
19,9.59500221518984,21.2989685303716,20.3780902738712,625.849611451549,0.152814076011146,719.727053169281,1.15,0.143804515259282,0.253922138622784,625.849611451549,1.33541163270135,"4","1","CEH_1.1","YES"
19.5,7.33810514002092,20.2463821054325,20.6025069358472,632.253129266872,0.124894362347295,727.091098656902,1.15,0.142348049908997,0.194195614425514,632.253129266872,1.26941612900911,"4","1","CEH_1.1","YES"
20,5.62984946867312,19.9307541324303,20.8264355909523,634.278640852049,0.158177576881018,729.420436979856,1.15,0.141893474260933,0.148988336338965,634.278640852049,1.24962675441324,"4","1","CEH_1.1","YES"
20.5,4.06490921659243,20.2887763656648,21.0506612436181,632.275530357315,0.0390504134626063,727.116859910913,1.15,0.142343006614756,0.107573757507902,632.275530357315,1.27207418205958,"4","1","CEH_1.1","YES"
21,2.86522992880055,20.2848318776672,21.2747070193602,632.434116443462,0.124130398525222,727.299233909982,1.15,0.14230731337854,0.0758254448357779,632.434116443462,1.27182686890216,"4","1","CEH_1.1","YES"
21.5,2.09722156972639,20.8446570133803,21.4990466990396,629.120168915204,0.0870063717686133,723.488194252484,1.15,0.1430569300539,0.0555008716212392,629.120168915204,1.30692701928943,"4","1","CEH_1.1","YES"
22,1.44792104064162,20.2171705697584,21.7233600929921,633.206437821283,0.0485950425596386,728.187403494476,1.15,0.142133741264017,0.0383177824195397,633.206437821283,1.26758461193387,"4","1","CEH_1.1","YES"
22.5,0.90585696211321,18.170927524083,21.947046099313,646.315756349161,-0.0156213586180488,743.263119801535,1.15,0.139250821469033,0.023972598645364,646.315756349161,1.1392884100482,"4","1","CEH_1.1","YES"
23,0.538472615059297,16.2699484636565,22.1696379811378,658.609161604728,0.00156808899185157,757.400535845437,1.15,0.136651606516847,0.0142501392849292,658.609161604728,1.02010003023556,"4","1","CEH_1.1","YES"
23.5,0.340361685071244,15.9262545260335,22.3916994030589,660.96886200232,0.0401041183998864,760.114191302668,1.15,0.136163751689235,0.0090073316337254,660.96886200232,0.998550964057258,"4","1","CEH_1.1","YES"
24,0.208591397731992,15.2124709126073,22.6136448596852,665.783356690358,-0.0259560604722653,765.650860193912,1.15,0.135179107581473,0.00552016274957945,665.783356690358,0.953797860673787,"4","1","CEH_1.1","YES"
24.5,0.137145853615225,15.83600284376,22.8353289987618,661.80302739378,0.114206895403664,761.073481502847,1.15,0.135992124959635,0.00362942787007333,661.80302739378,0.992892326353414,"4","1","CEH_1.1","YES"
25,0.10106798110524,17.6905583562669,23.0577943913842,649.620457060883,0.106106884868473,747.063525620015,1.15,0.138542435081543,0.00267466305196908,649.620457060883,1.10917002315177,"4","1","CEH_1.1","YES"
25.5,0.0718112405592305,18.4649057561197,23.2809237805155,644.576638789006,0.0650927738025684,741.263134607357,1.15,0.139626530941436,0.00190041267015948,644.576638789006,1.15772038013459,"4","1","CEH_1.1","YES"
26,0.0475009248106465,17.9059595765864,23.5040950091662,648.522099743363,0.0225574420484786,745.800414704867,1.15,0.138777074883979,0.00125706447418895,648.522099743363,1.12267533890931,"4","1","CEH_1.1","YES"
26.5,0.0323911901141605,18.0887223942791,23.7270214708751,647.406779991509,0.10036949979328,744.517796990235,1.15,0.139016153030063,0.000857200455181143,647.406779991509,1.13413427845486,"4","1","CEH_1.1","YES"
27,0.0241378160334604,19.5691829649862,23.9504336016913,637.323455070343,0.136821829632171,732.921973330895,1.15,0.141215577873352,0.000638783163509495,637.323455070343,1.22695681420624,"4","1","CEH_1.1","YES"
27.5,0.0183482700411092,20.9993110331573,24.174611102219,627.501249388168,0.130705252908858,721.626436796393,1.15,0.14342600925138,0.000485568618367915,627.501249388168,1.31662358167271,"4","1","CEH_1.1","YES"
28,0.014099470316951,22.3156498467169,24.3994436441157,618.382963553593,0.15483730691404,711.140408086632,1.15,0.145540878879986,0.000373128382467791,618.382963553593,1.39915594288528,"4","1","CEH_1.1","YES"
28.5,0.0105584616616426,22.7604692931866,24.6248213724057,615.383937055031,0.0908223971863034,707.691527613286,1.15,0.146250161209443,0.000279419129413711,615.383937055031,1.42704541849159,"4","1","CEH_1.1","YES"
29,0.00785352054602671,23.0391627549396,24.8502264602297,613.527348337358,0.144176737607614,705.556450587961,1.15,0.146692727298787,0.000207835567730051,613.527348337358,1.44451905766112,"4","1","CEH_1.1","YES"
29.5,0.00623958736226861,24.6068456192,25.0761276295928,602.328767178822,0.202241790075092,692.678082255645,1.15,0.149420059117449,0.000165124439955077,602.328767178822,1.54281029323596,"4","1","CEH_1.1","YES"
30,0.0049693620139069,25.8522088904333,25.3028844181112,593.396402177543,0.148670866473584,682.405862504174,1.15,0.151669271451147,0.000131509196336032,593.396402177543,1.62089260022526,"4","1","CEH_1.1","YES"
0,586,126,10,70,1.10372693794779,113.54336,1.622048,1.28571428571429,15.507904,70,7.90000067282297,"5","2","CEH_2.1","YES"
0.5,587.080182796267,127.536325648435,10.3780790387661,67.0402582751865,1.03333099621045,108.942963605482,1.62503794598007,1.34247692827448,15.5364899575204,67.0402582751865,7.99632586057148,"5","2","CEH_2.1","YES"
1,587.674041607386,128.964646150637,10.7623805272933,64.2011244850717,1.04091650518554,104.434797347607,1.62668174716924,1.4018446050883,15.5522058370979,64.2011244850717,8.08587929651117,"5","2","CEH_2.1","YES"
1.5,588.055040805629,130.342360182511,11.1534234512999,61.3704386288173,1.00660283608856,99.8948939526119,1.62773635294998,1.46650410215154,15.5622885998802,61.3704386288173,8.17225978681878,"5","2","CEH_2.1","YES"
2,584.041197528994,130.756884436807,11.5498493621775,60.6851934152602,0.765467084995682,98.1052635995713,1.61662603476026,1.48306357671373,15.4560662514073,60.6851934152602,8.19824980180167,"5","2","CEH_2.1","YES"
2.5,575.838878017521,130.228465017207,11.9440835841147,62.2344932226953,0.79363217787209,99.1969287997254,1.5939220143525,1.44614337386746,15.2390000678557,62.2344932226953,8.16511874013204,"5","2","CEH_2.1","YES"
3,566.798133938174,129.481956597896,12.3343319783999,64.4117086730882,0.726525472816519,101.055351622142,1.56889723474087,1.39726148947207,14.9997458165398,64.4117086730882,8.11831384318896,"5","2","CEH_2.1","YES"
3.5,552.941317194641,127.606120681909,12.7166516311712,69.7358686962044,0.618532945305267,106.733645680294,1.53054156599477,1.2905840521192,14.633039018239,69.7358686962044,8.00070189875723,"5","2","CEH_2.1","YES"
4,535.644737694092,124.887097228085,13.0853515164089,77.7449825275131,0.614587127305584,115.269736059613,1.48266463393725,1.15763097596877,14.1753023383365,77.7449825275131,7.83022342959346,"5","2","CEH_2.1","YES"
4.5,515.205709813476,121.369507620124,13.4397253700601,88.6930362427917,0.530807741707332,126.484199262168,1.4260894047637,1.01473581030229,13.6344039045038,88.6930362427917,7.60967612586643,"5","2","CEH_2.1","YES"
5,496.027346017986,118.075314806372,13.7790986743985,99.58109043022,0.626658893250531,136.725204991112,1.37300369377778,0.903786046238027,13.12686768502,99.58109043022,7.40313544773111,"5","2","CEH_2.1","YES"
5.5,476.063672463478,114.519894578358,14.1080008556649,112.112836823243,0.49768219039096,147.736045556933,1.31774424537891,0.802762667952949,12.5985490280735,112.112836823243,7.18021622397339,"5","2","CEH_2.1","YES"
6,448.746799356372,109.111077393596,14.4235407185561,132.438642099891,0.456850546148726,164.506161573494,1.24213114061844,0.679559972625801,11.875635298167,132.438642099891,6.84109194303057,"5","2","CEH_2.1","YES"
6.5,419.943682844727,103.230438663773,14.7256188363164,156.418437808752,0.444718193225569,181.82143563221,1.1624041141142,0.575379739503857,11.1133896228028,156.418437808752,6.472385197616,"5","2","CEH_2.1","YES"
7,395.412893833644,98.2902597461246,15.0169310861493,178.305368457426,0.502076256201548,195.15574110262,1.09450289013153,0.50475204857048,10.4642068224136,178.305368457426,6.1626437946534,"5","2","CEH_2.1","YES"
7.5,367.357845458859,92.3635323472224,15.3001067462618,206.929467965218,0.360027961364438,210.415508605785,1.01684651623012,0.43493080461178,9.72175802222325,206.929467965218,5.79104736259812,"5","2","CEH_2.1","YES"
8,338.150334055792,86.0277669178588,15.5738065100214,240.487733112917,0.443662311121804,225.096548174438,0.936000124666431,0.374239462591392,8.94881044045247,240.487733112917,5.39380489311541,"5","2","CEH_2.1","YES"
8.5,317.802797753341,81.8318740784077,15.8412246223172,264.860309757868,0.488809714684334,232.991825755072,0.879678144181247,0.339801762228085,8.41033323974441,264.860309757868,5.13072904982369,"5","2","CEH_2.1","YES"
9,301.359887399967,78.5557927800479,16.1044933289402,285.390125036511,0.513584129131757,238.062216298709,0.834164168323109,0.315357793085819,7.97518806015273,285.390125036511,4.92532393505174,"5","2","CEH_2.1","YES"
9.5,279.718124156157,73.8377791780056,16.3639421946218,317.39313744912,0.345840694697181,245.744736859581,0.774259767664243,0.283560006127818,7.40246043766854,317.39313744912,4.62951194592062,"5","2","CEH_2.1","YES"
10,259.52027820778,69.4048482488357,16.6182482325703,350.162722399147,0.510652241744886,251.540137509737,0.718352130079136,0.257023361548491,6.8679446424907,350.162722399147,4.35157418938872,"5","2","CEH_2.1","YES"
10.5,247.202042521615,66.9914305609902,16.8696873186241,369.536504697328,0.531751235379164,252.857294773019,0.684255253699832,0.243548333807279,6.54195485329203,369.536504697328,4.2002567182952,"5","2","CEH_2.1","YES"
11,236.239118655043,64.8860429432173,17.1191245609773,387.529301001478,0.542001989486307,253.409238883773,0.653909880437159,0.232240503537194,6.25183203608706,387.529301001478,4.06825224530347,"5","2","CEH_2.1","YES"
11.5,225.582849336106,62.8102077034609,17.3667639451063,406.370292618038,0.523968105377193,253.74302639229,0.624413326962343,0.221472882331471,5.96982452483072,406.370292618038,3.93810065966263,"5","2","CEH_2.1","YES"
12,212.328002462605,59.9517456622812,17.6123977817865,434.076715234317,0.422665268345813,255.117264671889,0.58772391081649,0.207336622401912,5.61904825717037,434.076715234317,3.7588796116582,"5","2","CEH_2.1","YES"
12.5,202.327747102139,57.9473213056074,17.8557241038793,454.824570601235,0.640277800511861,254.721409767762,0.560043203978721,0.197878491658946,5.35440149931101,454.824570601235,3.63320537541736,"5","2","CEH_2.1","YES"
13,195.698145924558,56.8534578875283,18.098014602982,466.900663888301,0.573464884825944,252.916572894756,0.541692467919177,0.192760488388449,5.17895573374751,466.900663888301,3.56462186955385,"5","2","CEH_2.1","YES"
13.5,190.035286835059,56.0034172684255,18.3394157585118,476.707982366197,0.699584945243237,250.756824042166,0.526017673959442,0.188794824775692,5.02909383080299,476.707982366197,3.51132566746783,"5","2","CEH_2.1","YES"
14,184.327074930393,55.108444768138,18.580243007429,487.527323877637,0.558253516905575,248.744896027332,0.510217343407327,0.184605037691362,4.87803171095792,487.527323877637,3.45521230751204,"5","2","CEH_2.1","YES"
14.5,178.384996470933,54.1150297149165,18.8201755538636,500.000455293486,0.665176482889337,246.885059925886,0.493769670231544,0.179999836094494,4.72078054660678,500.000455293486,3.39292675521964,"5","2","CEH_2.1","YES"
15,173.951775638607,53.5402943481416,19.0595291450573,507.600893338953,0.669255137184124,244.409076338966,0.481498514967665,0.177304652495759,4.6034597905001,507.600893338953,3.35689175693221,"5","2","CEH_2.1","YES"
15.5,170.124108968732,53.1230901571741,19.2984616571912,513.353635991363,0.717483709378052,241.740041187806,0.47090353362545,0.17531774139711,4.50216441974852,513.353635991363,3.33073371415961,"5","2","CEH_2.1","YES"
16,167.861935438627,53.1496684411348,19.5372100902464,513.127469316934,0.865147544293835,238.420490109503,0.46464183729412,0.175395014653584,4.44229825944783,513.127469316934,3.33240013051812,"5","2","CEH_2.1","YES"
16.5,166.389107948727,53.3937804266366,19.776111502288,509.832088689791,0.836568689773566,234.810841827943,0.460565050802077,0.176528708169957,4.40332135275512,509.832088689791,3.34770556583326,"5","2","CEH_2.1","YES"
17,164.649884539987,53.5523977552793,20.0151746608784,507.6976497571,0.816913209239608,231.383650857203,0.455750880406684,0.177270861984607,4.35729454446622,507.6976497571,3.35765062141261,"5","2","CEH_2.1","YES"
17.5,163.846774586765,53.9666385165887,20.2544357301847,501.72501662665,1.01550035780671,227.546279148029,0.453527872056166,0.179381129139454,4.33604104266415,501.72501662665,3.38362286183369,"5","2","CEH_2.1","YES"
18,163.86321171291,54.6010645645942,20.4941928040382,492.386100273433,0.993899463238522,223.333222852684,0.453573370021335,0.182783388787825,4.33647603477045,492.386100273433,3.42340037140591,"5","2","CEH_2.1","YES"
18.5,163.989238202672,55.2554920795332,20.7345187551728,482.633128430855,1.06475156522366,219.077896925688,0.453922211344996,0.186477045810364,4.33981119979552,482.633128430855,3.4644319413133,"5","2","CEH_2.1","YES"
19,164.254961677981,55.9371161245195,20.975468694721,472.363783604888,1.05493077412696,214.763847441872,0.454657733924651,0.190531118438329,4.34684330584608,472.363783604888,3.5071686906308,"5","2","CEH_2.1","YES"
19.5,164.515644593178,56.6149176317949,21.2170670098546,462.049575498451,1.06223807676121,210.407814212061,0.455379304233917,0.194784293228512,4.35374201851386,462.049575498451,3.54966577288092,"5","2","CEH_2.1","YES"
20,164.936706419869,57.3048442737319,21.4593475646443,451.989991041998,1.1304913865494,309.530522378349,0.684817205055295,0.199119453491698,4.3648849986954,451.989991041998,3.59292308189284,"5","2","CEH_2.1","YES"
20.5,165.436506647983,57.9140543147737,21.7021942674838,445.762808127277,1.09964745337691,306.191074229753,0.686892375602425,0.201901097083682,4.37811171193222,445.762808127277,3.63111958771919,"5","2","CEH_2.1","YES"
21,166.022842991113,58.5393540782815,21.9455350750089,439.313104522625,1.17447583422324,302.830315911959,0.6893268440991,0.204865275070266,4.39362851691681,439.313104522625,3.67032489369084,"5","2","CEH_2.1","YES"
21.5,166.763521908132,59.1951726857763,22.1894102051308,432.49292049703,1.18142438115181,299.459024968282,0.692402142962565,0.208095891827709,4.41322984377681,432.49292049703,3.71144368290083,"5","2","CEH_2.1","YES"
22,167.321243664019,59.8104215734764,22.4338298233647,426.060385204687,1.07663566783085,295.991735049996,0.694717803693006,0.21123766284153,4.42798939232459,426.060385204687,3.75001881485944,"5","2","CEH_2.1","YES"
22.5,167.90722421203,60.4294999404515,22.6787701471177,419.533107516876,1.19548923031271,292.47783940415,0.697150794928349,0.214524189837341,4.44349678154716,419.533107516876,3.78883404911049,"5","2","CEH_2.1","YES"
23,168.658166151231,61.0813883573158,22.924282916425,412.606176278322,1.16173556952448,288.935193092227,0.700268705859912,0.218125673279527,4.46336970902618,412.606176278322,3.82970642158536,"5","2","CEH_2.1","YES"
23.5,169.08551326244,61.6630499079634,23.1703623509515,406.399701656074,1.03067414419581,285.3100865028,0.702043051065649,0.221456855487962,4.4746790229772,406.399701656074,3.86617568064466,"5","2","CEH_2.1","YES"
24,169.475108096367,62.2345312066792,23.416960167279,400.248584023342,1.14293294775097,281.639178321596,0.703660648816114,0.224860258330736,4.48498926066224,400.248584023342,3.9020066540126,"5","2","CEH_2.1","YES"
24.5,170.169080606834,62.8681370062117,23.6641382706802,393.361568346081,1.17905257891529,277.92647814365,0.706542022679576,0.228797135364321,4.50335454917926,393.361568346081,3.94173273530317,"5","2","CEH_2.1","YES"
25,170.537513903842,63.429910204648,23.9119186579014,387.23304850892,0.989852429812157,274.188785308374,0.70807175772875,0.232418179043741,4.51310476795126,387.23304850892,3.97695502614143,"5","2","CEH_2.1","YES"
25.5,170.728307060929,63.9519473843533,24.1602159161984,381.492358366596,1.09634569697481,270.426172766534,0.708863930916978,0.235915603618761,4.51815391806043,381.492358366596,4.00968593146611,"5","2","CEH_2.1","YES"
26,170.942496498807,64.4775429407263,24.409070759727,375.662223291184,0.997614104391192,266.627482178782,0.709753245463048,0.239576924215345,4.52382222734444,375.662223291184,4.04263994137865,"5","2","CEH_2.1","YES"
26.5,170.508571405138,64.8278071038148,24.6583989202213,371.792260650865,0.908761470871654,263.210921510169,0.707951588474133,0.242070665598161,4.51233883366557,371.792260650865,4.0646009502998,"5","2","CEH_2.1","YES"
27,169.873270774687,65.1147243504034,24.9080309835679,368.601829978116,0.954654507371965,259.979964855403,0.705313820256502,0.244165906624346,4.49552623778133,368.601829978116,4.0825902077688,"5","2","CEH_2.1","YES"
27.5,169.01245340881,65.3274873150262,25.1579727454652,366.250427054832,0.86428293347522,257.012467206508,0.701739706553379,0.245733501865722,4.47274556701075,366.250427054832,4.09593010906779,"5","2","CEH_2.1","YES"
28,167.133498966188,65.2027762325374,25.4079620592601,367.930629174581,0.772532025910622,255.321150804593,0.693938287707612,0.244611328504797,4.4230209166412,367.930629174581,4.08811092148389,"5","2","CEH_2.1","YES"
28.5,165.127388200177,65.0279887449182,25.6577012684791,370.248148073442,0.839665322517612,253.845431380233,0.685608915807137,0.243080216520483,4.3699312013295,370.248148073442,4.07715202251728,"5","2","CEH_2.1","YES"
29,163.338040324026,64.9207048491992,25.9073086358179,371.769682089298,0.803375166290487,252.12659325871,0.678179543425358,0.242085367193504,4.32257789913504,371.769682089298,4.07042549197472,"5","2","CEH_2.1","YES"
29.5,160.038992905094,64.2555471590132,26.1565436506672,380.556019497703,0.626794828207164,252.872586337402,0.664481898541952,0.236496062048345,4.23527190824042,380.556019497703,4.02872115705407,"5","2","CEH_2.1","YES"
30,155.074690849889,62.9379987475523,26.404529657012,398.369785984289,0.610179106839925,256.498400475428,0.643870116408739,0.225920747924265,4.10389661865146,398.369785984289,3.94611295596662,"5","2","CEH_2.1","YES"
0,586,126,10,70,1.18446612674743,340.63008,4.866144,1.28571428571429,15.507904,70,7.90000067282297,"6","3","CEH_3.1","YES"
0.5,588.240430339271,125.661627976259,10.374474776999,70.4856644560738,1.11390335492636,344.30474608721,4.88474853353731,1.27685538179309,15.5671947484985,70.4856644560738,7.87878528222599,"6","3","CEH_3.1","YES"
1,589.914036903279,125.205243109466,10.7478297733787,71.0630756412679,1.1010427484855,348.112862781623,4.89864616244483,1.26648050605531,15.6114850726084,71.0630756412679,7.85017067306145,"6","3","CEH_3.1","YES"
1.5,590.624991212869,124.548166000297,11.1198724823086,71.8003450680709,0.991256102893126,352.148377164456,4.90454992703167,1.25347586999303,15.6302997674574,71.8003450680709,7.80897297778742,"6","3","CEH_3.1","YES"
2,591.48549691576,123.926022714265,11.4903017332605,72.5242033991081,1.1203911292508,356.216808291255,4.91169556638847,1.24096502659562,15.6530721903787,72.5242033991081,7.76996557796004,"6","3","CEH_3.1","YES"
2.5,592.699786940191,123.380657976698,11.8594317284594,73.2024132193905,1.03305409191308,360.286102383591,4.92177903075134,1.22946766427312,15.6852071615852,73.2024132193905,7.73577207166074,"6","3","CEH_3.1","YES"
3,592.850856513549,122.614411150148,12.2270246416551,74.0726802465272,0.989092169454211,364.662287213499,4.92303351248851,1.21502286268654,15.6892050667746,74.0726802465272,7.68772960780923,"6","3","CEH_3.1","YES"
3.5,593.280066543242,121.910639871101,12.5928961917732,74.9072470382632,1.06769790865175,369.037868917714,4.92659767257508,1.20148588499091,15.7005636810004,74.9072470382632,7.64360426195222,"6","3","CEH_3.1","YES"
4,593.644547291466,121.196476610406,12.9572553325384,75.7677989210256,0.982908514310311,373.506784287626,4.92962432070834,1.18783970607103,15.7102092995214,75.7677989210256,7.59882735528557,"6","3","CEH_3.1","YES"
4.5,593.606096556604,120.401415617534,13.3198643513744,76.7156259016026,1.01827834771129,378.154720314626,4.92930502580604,1.17316386254133,15.709191739274,76.7156259016026,7.54897828878851,"6","3","CEH_3.1","YES"
5,593.730710065454,119.644202884172,13.6808040536215,77.6475829485157,0.997971159276584,382.82896985701,4.93033981638353,1.15908308517053,15.7124895111722,77.6475829485157,7.50150224828832,"6","3","CEH_3.1","YES"
5.5,593.497216640746,118.816596632035,14.0400162901398,78.6628451792737,0.987596766276864,387.682035954277,4.92840088698476,1.14412337609819,15.7063103411807,78.6628451792737,7.44961264552075,"6","3","CEH_3.1","YES"
6,592.657133302521,117.869130051845,14.3973667870511,79.8131686203701,0.95894824013346,392.794510203873,4.92142483494414,1.12763346645318,15.6840783757179,79.8131686203701,7.39020798979868,"6","3","CEH_3.1","YES"
6.5,589.243434115655,116.404267835853,14.752407528787,81.5014515770121,0.838377660242201,398.79291704584,4.8930774768964,1.10427481055301,15.5937382404367,81.5014515770121,7.29836344621192,"6","3","CEH_3.1","YES"
7,586.459171107638,115.078088724655,15.1044602406736,83.0864130335319,0.994743901179372,404.627255174674,4.86995695687783,1.08320959726204,15.5200555041925,83.0864130335319,7.2152141139044,"6","3","CEH_3.1","YES"
7.5,582.891940272873,113.603865990295,15.4542033125274,84.8681748531377,0.796586949725434,410.790369293202,4.84033467202594,1.06046819264987,15.4256523073813,84.8681748531377,7.12278268062394,"6","3","CEH_3.1","YES"
8,577.489220244045,111.774056235456,15.8005780983161,87.0764219633564,0.892275237547492,417.572411456544,4.79547048490655,1.03357485264925,15.2826747245384,87.0764219633564,7.00805650368456,"6","3","CEH_3.1","YES"
8.5,571.965006598683,109.935068106818,16.1438768847742,89.3579890298326,0.78835522064482,424.414473687414,4.74959741479547,1.00718470700984,15.1364819346276,89.3579890298326,6.89275485722781,"6","3","CEH_3.1","YES"
9,565.491562288448,107.924714658037,16.4836246354706,91.8987109460455,0.841843402611408,431.541820471442,4.69584193324327,0.979339090543281,14.9651687044015,91.8987109460455,6.76670887629144,"6","3","CEH_3.1","YES"
9.5,561.614883594153,106.441276429181,16.8203352138969,93.8819510241267,0.919098857103824,437.832560270841,4.66364999336584,0.95865072059347,14.8625762794357,93.8819510241267,6.67369964608462,"6","3","CEH_3.1","YES"
10,558.519888115964,105.122663118524,17.1547177267852,95.7106592108548,0.884061484938368,443.901170620495,4.63794915091496,0.940334135634006,14.7806703191009,95.7106592108548,6.59102467750224,"6","3","CEH_3.1","YES"
10.5,554.571516778383,103.64652914576,17.4866905444748,97.7762148152254,0.86918828539027,450.275296780926,4.60516187532769,0.92046925901232,14.6761806200231,97.7762148152254,6.49847341259738,"6","3","CEH_3.1","YES"
11,551.430461122002,102.339637610593,17.8162522240321,99.6699022854966,0.929383778648286,456.396311552102,4.5790785491571,0.902980718714885,14.5930557231327,99.6699022854966,6.41653338079482,"6","3","CEH_3.1","YES"
11.5,550.306425062617,101.437554913669,18.1439380223676,101.069755259911,0.994595161996673,461.862963644791,4.56974455371997,0.890474106408546,14.5633092328571,101.069755259911,6.35997422275797,"6","3","CEH_3.1","YES"
12,550.015862914819,100.704845321277,18.4702515782906,102.266067839985,0.985720123034744,467.08305610249,4.56733172564465,0.880057304450414,14.5556197961778,102.266067839985,6.31403449043351,"6","3","CEH_3.1","YES"
12.5,548.19695023534,99.6769553730411,18.7951188154849,103.883457252791,0.893380199494383,472.901128278617,4.55222747475426,0.866355456201201,14.507484091028,103.883457252791,6.24958741676166,"6","3","CEH_3.1","YES"
13,546.283542301209,98.6378102702099,19.1181276900658,105.543084379148,0.979098767370701,478.779160800304,4.53633853526924,0.852732327555332,14.4568476634592,105.543084379148,6.18443466270192,"6","3","CEH_3.1","YES"
13.5,544.087242338812,97.5509234772605,19.4395335334889,107.300951315544,0.87558510136407,484.796477538131,4.51810046038149,0.838762367868795,14.3987247812543,107.300951315544,6.1162885801973,"6","3","CEH_3.1","YES"
14,542.124833540169,96.517133309711,19.7590522576523,109.010638324925,0.993944503866291,490.744594991489,4.50180461771756,0.825607494671659,14.346791594807,109.010638324925,6.05147157210842,"6","3","CEH_3.1","YES"
14.5,540.192703429546,95.4957948897782,20.0770887219934,110.732483373061,0.87701886169587,496.719367789521,4.48576020927895,0.812769634153216,14.2956597035595,110.732483373061,5.98743526889692,"6","3","CEH_3.1","YES"
15,537.381463626932,94.3134962677942,20.3932549449189,112.72524105877,0.936615680102646,503.026882551353,4.46241567395804,0.798401486256997,14.2212630534231,112.72524105877,5.91330701564969,"6","3","CEH_3.1","YES"
15.5,536.486914674939,93.505442770996,20.7078561184403,114.176014836645,1.00118029880031,508.652700567329,4.45498733946069,0.788256624027084,14.1975897099576,114.176014836645,5.86264333971014,"6","3","CEH_3.1","YES"
16,536.59647145953,92.8968076578059,21.0213483174687,115.335028426407,1.0137571055098,513.921018578301,4.45589709899994,0.780335351956215,14.200489020705,115.335028426407,5.82448288095057,"6","3","CEH_3.1","YES"
16.5,536.876017064434,92.3268870454509,21.3338698290237,116.445988856788,1.02437672004669,519.141655449466,4.45821844570306,0.772890512447682,14.2078869155932,116.445988856788,5.78874976014851,"6","3","CEH_3.1","YES"
17,537.791692386151,91.8934857255806,21.6455256787316,117.349251432547,1.10229561425365,524.06089379382,4.46582221357459,0.766941406965279,14.2321193473071,117.349251432547,5.76157618301694,"6","3","CEH_3.1","YES"
17.5,539.040920927452,91.5318731671198,21.9565265620013,118.144440366004,1.07131921011762,528.837648631747,4.47619580738156,0.761779392421564,14.2651789314241,118.144440366004,5.73890364765868,"6","3","CEH_3.1","YES"
18,540.756164766658,91.2697895562575,22.2669148543356,118.781904676703,1.17296391973556,533.382920087082,4.49043919222233,0.75769116722753,14.3105711443848,118.781904676703,5.72247141986385,"6","3","CEH_3.1","YES"
18.5,542.424351409742,90.9982876630668,22.5768651617305,119.440079548502,1.06351360884083,537.992972586547,4.50429181410649,0.753515908062107,14.3547180357074,119.440079548502,5.70544868066639,"6","3","CEH_3.1","YES"
19,544.040780234261,90.7170625949297,22.8862310824995,120.118377802951,1.16399538745007,542.660553821168,4.51771463906531,0.749260867871869,14.3974952081195,120.118377802951,5.68781631378149,"6","3","CEH_3.1","YES"
19.5,546.686033435376,90.6528397059235,23.1952413901286,120.433123410645,1.23261726296944,546.727940638397,4.53968082164736,0.747302714163806,14.4674991888338,120.433123410645,5.68378964023896,"6","3","CEH_3.1","YES"
20,550.061929679474,90.7416312418263,23.5041422953753,120.487129890442,1.31673877097934,550.350781836023,4.56771426405836,0.746967747358878,14.5568389070376,120.487129890442,5.68935672907525,"6","3","CEH_3.1","YES"
20.5,553.438285166724,90.8288755062585,23.8130745465865,120.543085245862,1.22794443791388,553.986067247112,4.59575152002447,0.746621009545541,14.6461907786522,120.543085245862,5.69482680643806,"6","3","CEH_3.1","YES"
21,556.528107943068,90.8545432260391,24.121936702328,120.704456167865,1.24554266665955,557.824709365058,4.62140940835924,0.745622844900074,14.7279598486054,120.704456167865,5.69643613186296,"6","3","CEH_3.1","YES"
21.5,559.888493388309,90.9359969033054,24.4307436606523,120.768053361085,1.28392849850336,561.488607173732,4.64931404909652,0.745230195363904,14.8168890890282,120.768053361085,5.70154314857095,"6","3","CEH_3.1","YES"
22,563.765554796457,91.1246001504963,24.739608841634,120.642529129203,1.37891621047748,564.789106052023,4.68150916702978,0.746005580698772,14.9194916421334,120.642529129203,5.7133682738067,"6","3","CEH_3.1","YES"
22.5,568.125348703763,91.4124592962801,25.0486962292423,120.340245864241,1.44890375437451,567.730729777744,4.71771289563605,0.74787947584494,15.0348692280964,120.340245864241,5.7314165868652,"6","3","CEH_3.1","YES"
23,572.242024732875,91.6463125943034,25.358064891503,120.131766623658,1.28015139537917,570.853874331381,4.75189777338179,0.749177361904175,15.1438129425308,120.131766623658,5.74607881870429,"6","3","CEH_3.1","YES"
23.5,575.987107776555,91.7998002346664,25.6675539261173,120.064230736819,1.31942360934584,574.266848575032,4.78299694297651,0.749598772654281,15.2429228201988,120.064230736819,5.75570225094348,"6","3","CEH_3.1","YES"
24,580.037949986627,92.0156063530971,25.9771851265213,119.883590894692,1.35942769245264,577.435516215819,4.81663513668895,0.750728263378909,15.3501243084461,119.883590894692,5.76923295317206,"6","3","CEH_3.1","YES"
24.5,584.579465451807,92.3322213184905,26.2870698548906,119.519697779673,1.49999484144231,580.190191667881,4.85434788111181,0.753013952276796,15.4703109737166,119.519697779673,5.78908421062948,"6","3","CEH_3.1","YES"
25,589.236485110018,92.670012233902,26.5973355032519,119.115727062709,1.39473275153364,582.835607716107,4.89301977235359,0.755567734163427,15.5935543419515,119.115727062709,5.81026316665348,"6","3","CEH_3.1","YES"
25.5,593.952537040009,93.0171835615863,26.9079591501865,118.692514921983,1.51254536121947,585.413069915703,4.93218186758024,0.758261799905049,15.7183599402268,118.692514921983,5.83203025968753,"6","3","CEH_3.1","YES"
26,598.835196096767,93.396107629617,27.2190133610916,118.209681328854,1.46339031808665,587.824529373331,4.97272746838756,0.761358959674581,15.8475746295048,118.209681328854,5.85578819930969,"6","3","CEH_3.1","YES"
26.5,603.864627291339,93.8025310707487,27.5305177204601,117.674614049753,1.5927949212809,590.078394872709,5.01449186502728,0.764820864098591,15.980673496638,117.674614049753,5.88127030612232,"6","3","CEH_3.1","YES"
27,609.021473358816,94.2320950687042,27.8425411227919,117.095429525485,1.52884297675574,592.188391933566,5.05731431477161,0.768603867501182,16.1171442709677,117.095429525485,5.90820328924033,"6","3","CEH_3.1","YES"
27.5,614.095262076397,94.6404795351362,28.155076243779,116.553283668025,1.49059213040819,594.35729930096,5.09944705628241,0.772179016906498,16.2514170155898,116.553283668025,5.93380834923702,"6","3","CEH_3.1","YES"
28,619.368109815109,95.0871417899557,28.4681289364487,115.93883667659,1.67147066734142,596.300425722809,5.14323278390467,0.77627137359549,16.3909576581471,115.93883667659,5.96181336601161,"6","3","CEH_3.1","YES"
28.5,624.752147706846,95.5532496084136,28.78177865064,115.286995398517,1.55270111858336,598.102226408422,5.18794183455765,0.780660469889891,16.533440836914,115.286995398517,5.99103758886419,"6","3","CEH_3.1","YES"
29,630.069645710652,96.0014151684958,29.0960111817051,114.666706106586,1.55153238318586,599.947482442053,5.23209833798126,0.784883450967385,16.6741631040867,114.666706106586,6.01913686050059,"6","3","CEH_3.1","YES"
29.5,635.475198573775,96.4642179876511,29.4108327524062,114.017718631052,1.59175562740801,601.669910549925,5.27698604895663,0.78935099807802,16.8172156550564,114.017718631052,6.04815386512528,"6","3","CEH_3.1","YES"
30,641.030785365362,96.954573934603,29.7262853733095,113.316109380017,1.6669833092736,603.195207558845,5.32311964167397,0.794238352273249,16.964238703909,113.316109380017,6.07889840727482,"6","3","CEH_3.1","YES"
